City_ID,City,Country,Lat,Lng,Max Temp,Humidity,Cloudiness,Wind Speed,Current Description
0,Sumenep,ID,-7.0167,113.8667,84.67,75,91,14.36,overcast clouds
1,Hithadhoo,MV,-0.6,73.0833,82.22,71,95,3.89,overcast clouds
2,Bluff,NZ,-46.6,168.3333,47.8,69,94,22.24,overcast clouds
3,Hilo,US,19.7297,-155.09,78.53,77,75,5.75,broken clouds
4,Dikson,RU,73.5069,80.5464,35.35,87,76,6.69,broken clouds
5,Hamilton,US,39.1834,-84.5333,83.73,75,0,5.75,clear sky
6,General Cepeda,MX,25.3833,-101.45,73.08,65,84,2.59,broken clouds
7,Mataura,NZ,-46.1927,168.8643,47.48,94,100,7.65,light rain
8,Longyearbyen,SJ,78.2186,15.6401,39.04,70,75,11.5,broken clouds
9,Arraial Do Cabo,BR,-22.9661,-42.0278,67.46,77,21,10.51,few clouds
10,Tautira,PF,-17.7333,-149.15,78.87,79,26,16.93,light rain
11,Avarua,CK,-21.2078,-159.775,77.05,78,10,5.75,clear sky
12,Ushuaia,AR,-54.8,-68.3,46.06,49,75,11.5,broken clouds
13,Kapaa,US,22.0752,-159.319,82.38,91,75,19.57,broken clouds
14,Pendleton,US,45.6721,-118.7886,68.23,64,0,18.41,clear sky
15,Cairns,AU,-16.9167,145.7667,84.11,61,40,16.11,scattered clouds
16,Punta Arenas,CL,-53.15,-70.9167,42.91,56,75,20.71,broken clouds
17,Bonavista,CA,48.6499,-53.1147,44.51,76,5,4.81,clear sky
18,Busselton,AU,-33.65,115.3333,67.59,67,47,16.62,scattered clouds
19,Saint-Philippe,RE,-21.3585,55.7679,71.19,80,77,16.15,broken clouds
20,Cape Town,ZA,-33.9258,18.4232,55.38,79,0,5.75,clear sky
21,Rikitea,PF,-23.1203,-134.9692,72.97,66,85,9.31,overcast clouds
22,Tuktoyaktuk,CA,69.4541,-133.0374,41.0,75,20,13.8,few clouds
23,Jamestown,US,42.097,-79.2353,76.05,91,44,1.01,scattered clouds
24,Tiksi,RU,71.6872,128.8694,36.32,74,10,10.18,clear sky
25,Pundaguitan,PH,6.3711,126.1689,82.45,75,76,9.08,moderate rain
26,Cap-Aux-Meules,CA,47.3821,-61.8597,55.42,76,0,9.22,clear sky
27,Hermanus,ZA,-34.4187,19.2345,42.8,71,63,8.28,broken clouds
28,Mar Del Plata,AR,-38.0023,-57.5575,45.95,92,100,0.0,fog
29,Rio Grande,BR,-32.035,-52.0986,53.87,85,71,4.61,light rain
30,Noumea,NC,-22.2763,166.4572,82.38,99,94,10.07,overcast clouds
31,Aviles,ES,43.5547,-5.9248,73.38,92,84,6.91,broken clouds
32,Vaini,TO,-21.2,-175.2,78.96,78,75,6.91,broken clouds
33,Port Alfred,ZA,-33.5906,26.891,46.18,75,29,5.01,scattered clouds
34,Klaksvik,FO,62.2266,-6.589,49.12,94,95,8.7,overcast clouds
35,Mecca,SA,21.4267,39.8261,90.21,24,0,9.24,clear sky
36,Nanortalik,GL,60.1432,-45.2371,36.55,89,2,6.33,clear sky
37,Bethel,US,41.3712,-73.414,66.36,85,75,0.0,broken clouds
38,Nikolskoye,RU,59.7035,30.7861,60.87,71,9,12.12,clear sky
39,Xichang,CN,27.8964,102.2634,69.66,73,97,2.46,overcast clouds
40,Ribeira Grande,PT,38.5167,-28.7,65.34,89,21,3.74,few clouds
41,Marathon,US,44.9,-89.7668,59.36,96,0,5.75,clear sky
42,San Isidro,PE,-12.1167,-77.05,60.39,72,0,11.5,clear sky
43,San Cristobal,VE,7.7669,-72.225,68.18,96,98,2.39,overcast clouds
44,Buchanan,LR,5.8808,-10.0467,75.67,90,100,8.55,moderate rain
45,Lufilufi,WS,-13.8745,-171.5986,83.98,78,22,18.9,light rain
46,Saint Anthony,US,45.0205,-93.218,69.58,72,0,9.22,clear sky
47,Codrington,AU,-38.2667,141.9667,56.79,78,55,13.65,broken clouds
48,Castro,BR,-24.7911,-50.0119,50.22,89,8,1.79,clear sky
49,Faanui,PF,-16.4833,-151.75,80.76,71,8,17.81,clear sky
50,Belaya Gora,RU,68.5333,146.4167,74.57,24,50,9.42,scattered clouds
51,Cherskiy,RU,68.75,161.3,61.92,22,18,14.38,few clouds
52,Saint George,US,37.1041,-113.5841,90.19,18,0,5.75,clear sky
53,Yellowknife,CA,62.456,-114.3525,59.56,82,100,10.36,overcast clouds
54,Carnarvon,AU,-24.8667,113.6333,74.25,73,95,7.09,overcast clouds
55,Champerico,GT,14.3,-91.9167,77.65,86,99,9.6,overcast clouds
56,Naryan-Mar,RU,67.6713,53.087,56.57,50,99,11.83,overcast clouds
57,Rocha,UY,-34.4833,-54.3333,50.18,93,100,4.68,overcast clouds
58,Nurota,UZ,40.5614,65.6886,89.91,19,0,10.42,clear sky
59,San Patricio,US,28.017,-97.5169,83.84,84,90,14.16,overcast clouds
60,Qaanaaq,GL,77.484,-69.3632,23.31,74,27,6.15,scattered clouds
61,Hobart,AU,-42.8794,147.3294,53.46,85,75,6.91,broken clouds
62,Lere,NG,10.387,8.5726,68.54,92,99,2.8,light rain
63,Langsa,ID,4.4683,97.9683,76.62,94,100,4.43,overcast clouds
64,New Norfolk,AU,-42.7826,147.0587,53.1,70,41,0.96,scattered clouds
65,Ponta Do Sol,PT,32.6667,-17.1,66.83,73,36,6.58,scattered clouds
66,Upernavik,GL,72.7868,-56.1549,29.53,68,100,4.74,overcast clouds
67,Hatillo,PR,18.4863,-66.8254,79.09,96,100,1.01,overcast clouds
68,Iskateley,RU,67.6803,53.1512,56.5,50,98,11.74,overcast clouds
69,Pimenta Bueno,BR,-11.6725,-61.1936,74.93,76,94,0.89,overcast clouds
70,Elko,US,41.0002,-115.5012,68.02,17,0,1.99,clear sky
71,Novyy Urengoy,RU,66.0833,76.6333,67.21,52,80,22.82,broken clouds
72,Sompeta,IN,18.9333,84.6,91.08,61,100,13.73,overcast clouds
73,East London,ZA,-33.0153,27.9116,52.74,54,0,14.97,clear sky
74,Thompson,CA,55.7435,-97.8558,57.36,88,75,4.61,broken clouds
75,Pacific Grove,US,36.6177,-121.9166,60.48,79,0,11.5,clear sky
76,Sapa,PH,5.1544,120.3241,82.58,75,100,6.8,overcast clouds
77,Okha,RU,53.5739,142.9478,49.44,86,100,8.48,overcast clouds
78,Arak,IR,34.0917,49.6892,66.96,52,0,4.61,clear sky
79,Cidreira,BR,-30.1811,-50.2056,57.52,86,3,4.52,clear sky
80,Northam,GB,51.0333,-4.2167,53.4,83,88,1.45,overcast clouds
81,Longido,TZ,-2.7333,36.6833,62.4,80,63,4.72,broken clouds
82,Shimanovsk,RU,52.0,127.7,69.62,62,100,10.25,light rain
83,Teruel,ES,40.6667,-0.6667,66.72,46,97,4.07,overcast clouds
84,Ostrovnoy,RU,68.0531,39.5131,43.36,91,100,17.98,light rain
85,Najran,SA,17.4924,44.1277,81.25,14,75,9.73,broken clouds
86,Jalu,LY,29.0331,21.5482,77.29,45,0,7.18,clear sky
87,Kahului,US,20.8947,-156.47,82.42,71,40,17.27,scattered clouds
88,Atuona,PF,-9.8,-139.0333,78.04,67,57,19.04,broken clouds
89,Severo-Kurilsk,RU,50.6789,156.125,49.41,84,99,8.88,overcast clouds
90,Bussigny,CH,46.5511,6.556,70.09,68,21,2.75,few clouds
91,Te Anau,NZ,-45.4167,167.7167,45.91,92,100,4.25,overcast clouds
92,Tura,IN,25.5198,90.2201,79.12,89,100,8.21,heavy intensity rain
93,Amazar,RU,53.858,120.875,76.93,27,95,4.05,overcast clouds
94,Znamenskoye,RU,57.1281,73.8282,67.12,51,93,11.9,overcast clouds
95,Berlevag,NO,70.8578,29.0864,39.2,87,100,13.8,light intensity drizzle
96,Yenagoa,NG,4.9247,6.2642,73.44,97,79,1.5,light rain
97,Beringovskiy,RU,63.05,179.3167,45.5,72,99,18.07,overcast clouds
98,Port Hedland,AU,-20.3167,118.5667,86.05,21,37,13.8,scattered clouds
99,Muros,ES,42.7762,-9.0603,67.84,83,38,10.18,scattered clouds
100,Yabrud,SY,33.9674,36.6574,67.73,44,0,3.22,clear sky
101,Georgetown,MY,5.4112,100.3354,87.73,70,20,7.0,few clouds
102,Saskylakh,RU,71.9167,114.0833,57.13,30,10,5.44,clear sky
103,Mahebourg,MU,-20.4081,57.7,76.24,83,20,10.36,few clouds
104,Puerto Ayora,EC,-0.7393,-90.3518,71.55,94,13,1.99,few clouds
105,Linares,CL,-35.85,-71.6,48.31,88,59,3.91,broken clouds
106,Margate,GB,51.3813,1.3862,59.7,86,41,2.24,scattered clouds
107,Corbelia,BR,-24.7989,-53.3067,53.47,93,0,5.23,clear sky
108,Arica,CL,-18.475,-70.3042,61.03,72,100,2.3,overcast clouds
109,Ahipara,NZ,-35.1667,173.1667,57.65,77,1,6.46,clear sky
110,Sao Joao Da Barra,BR,-21.6403,-41.0511,62.19,88,49,6.53,scattered clouds
111,Lakes Entrance,AU,-37.8811,147.981,55.51,84,100,10.67,overcast clouds
112,Khatanga,RU,71.9667,102.5,72.46,28,62,10.29,broken clouds
113,Narsaq,GL,60.9167,-46.05,44.82,64,2,2.57,clear sky
114,Harper,LR,4.375,-7.7169,74.79,94,100,13.2,heavy intensity rain
115,Bubaque,GW,11.2833,-15.8333,79.65,84,87,14.18,moderate rain
116,Mareeba,AU,-17.0,145.4333,79.48,65,40,5.84,scattered clouds
117,Tasiilaq,GL,65.6145,-37.6368,41.16,97,100,8.08,overcast clouds
118,Puerto Escondido,MX,15.85,-97.0667,76.03,73,100,5.75,overcast clouds
119,Bilma,NE,18.6853,12.9164,85.86,38,100,3.78,overcast clouds
120,Ketchikan,US,55.3422,-131.6461,63.07,59,0,5.75,clear sky
121,Souillac,MU,-20.5167,57.5167,73.78,83,20,10.36,few clouds
122,Albany,US,42.6001,-73.9662,70.63,74,72,9.17,broken clouds
123,Udachnyy,RU,66.4167,112.4,66.45,45,10,6.76,clear sky
124,Lorengau,PG,-2.0226,147.2712,85.08,68,97,9.37,overcast clouds
125,Barrow,US,71.2906,-156.7887,37.42,87,0,10.36,clear sky
126,Asosa,ET,10.0667,34.5333,63.01,93,100,4.21,overcast clouds
127,Ko Samui,TH,9.5357,99.9357,87.71,66,20,6.91,light rain
128,Norman Wells,CA,65.282,-126.8329,60.84,48,40,2.3,scattered clouds
129,Kodiak,US,57.79,-152.4072,54.91,76,75,3.44,broken clouds
130,Morden,CA,49.1919,-98.1014,58.86,88,92,9.22,overcast clouds
131,Palmares Do Sul,BR,-30.2578,-50.5097,54.55,87,8,3.02,clear sky
132,Muncar,ID,-8.4333,114.3333,85.1,72,90,7.94,overcast clouds
133,Bredasdorp,ZA,-34.5322,20.0403,44.53,79,52,4.12,broken clouds
134,Saint-Pierre,RE,-21.3393,55.4781,74.91,64,0,6.91,clear sky
135,Butaritari,KI,3.0707,172.7902,82.56,70,22,12.77,few clouds
136,Coquimbo,CL,-29.9533,-71.3436,55.13,94,100,4.61,overcast clouds
137,Batagay,RU,67.6333,134.6333,68.4,38,87,13.94,overcast clouds
138,College,US,64.8569,-147.8028,70.12,53,75,13.8,broken clouds
139,Palmer,US,42.1584,-72.3287,66.43,74,100,8.05,overcast clouds
140,Seredka,RU,58.1584,28.1858,56.95,69,3,10.65,clear sky
141,Port Elizabeth,ZA,-33.918,25.5701,46.69,85,20,6.91,few clouds
142,Port Hardy,CA,50.6996,-127.4199,51.98,93,100,3.44,light intensity shower rain
143,Geraldton,AU,-28.7667,114.6,73.81,68,69,5.75,broken clouds
144,Belmonte,BR,-15.8631,-38.8828,70.93,76,84,9.01,broken clouds
145,Esperance,AU,-33.8667,121.9,66.81,53,0,6.67,clear sky
146,Iqaluit,CA,63.7506,-68.5145,40.73,86,100,12.66,overcast clouds
147,The Pas,CA,53.8251,-101.2541,55.42,76,0,3.44,clear sky
148,Bathsheba,BB,13.2167,-59.5167,83.01,83,75,18.41,broken clouds
149,Ancud,CL,-41.8697,-73.8203,46.22,91,82,4.85,light rain
150,Tuatapere,NZ,-46.1333,167.6833,46.8,82,100,12.8,overcast clouds
151,Coahuayana,MX,18.7333,-103.6833,78.39,90,100,3.51,overcast clouds
152,Frutal,BR,-20.0247,-48.9406,65.05,58,3,6.22,clear sky
153,Amposta,ES,40.7131,0.581,71.22,67,95,2.82,overcast clouds
154,Cabildo,AR,-38.4842,-61.8954,42.15,91,10,2.51,clear sky
155,Alta Floresta,BR,-9.8756,-56.0861,72.14,74,48,1.88,scattered clouds
156,Labuhan,ID,-6.8844,112.2051,85.89,70,68,11.59,broken clouds
157,Olafsvik,IS,64.8945,-23.7142,48.06,70,93,13.73,overcast clouds
158,Yar-Sale,RU,66.8333,70.8333,65.03,30,3,20.02,clear sky
159,Portland,US,45.5234,-122.6762,64.38,74,100,6.91,overcast clouds
160,Ayia Galini,GR,35.1,24.6833,77.4,68,0,6.51,clear sky
161,Lagoa,PT,39.05,-27.9833,63.46,92,17,7.87,few clouds
162,The Village,US,35.5609,-97.5514,84.78,67,0,18.41,clear sky
163,Lukulu,ZM,-14.3707,23.242,52.63,58,0,5.06,clear sky
164,Shingu,JP,33.7333,135.9833,74.17,82,100,13.33,overcast clouds
165,Qaqortoq,GL,60.7167,-46.0333,38.23,79,2,0.56,clear sky
166,Pisco,PE,-13.7,-76.2167,58.01,88,100,5.75,smoke
167,Vardo,NO,70.3705,31.1107,40.98,93,100,17.27,overcast clouds
168,Husavik,IS,66.0449,-17.3389,48.11,84,95,4.97,overcast clouds
169,Dakar,SN,14.6937,-17.4441,76.08,86,86,13.38,overcast clouds
170,Komsomolskiy,UZ,40.4272,71.7189,81.32,34,53,4.61,broken clouds
171,Lovozero,RU,68.005,35.0117,47.17,80,100,15.14,light rain
172,Acajutla,SV,13.5928,-89.8275,76.42,90,100,7.67,moderate rain
173,Torbay,CA,47.6666,-52.7314,39.97,82,20,5.99,few clouds
174,Nome,US,64.5011,-165.4064,44.67,81,100,9.22,overcast clouds
175,Richmond,US,37.5538,-77.4603,78.78,62,75,12.66,broken clouds
176,Gao,ML,16.6362,1.637,80.38,52,96,15.55,light rain
177,Santa Cruz,BO,-17.8,-63.1667,63.86,82,0,11.5,clear sky
178,Nara,JP,34.6851,135.8049,80.49,49,100,7.25,light rain
179,Makaha,US,21.4694,-158.2175,80.51,69,75,6.91,broken clouds
180,Shakiso,ET,5.75,38.9167,60.53,90,99,0.85,overcast clouds
181,Baley,RU,51.6,116.6333,71.38,40,70,6.13,broken clouds
182,Srandakan,ID,-7.9386,110.2506,84.99,69,57,6.4,broken clouds
183,Havelock,US,34.8791,-76.9013,78.78,86,5,6.64,clear sky
184,Bengkulu,ID,-3.8004,102.2655,83.64,66,91,5.41,overcast clouds
185,Catalao,BR,-18.1658,-47.9464,61.84,71,35,5.12,scattered clouds
186,Kieta,PG,-6.2167,155.6333,82.26,75,81,3.85,light rain
187,Barabai,ID,-2.5833,115.3833,77.45,94,90,1.3,overcast clouds
188,Sabang,ID,5.8933,95.3214,81.88,71,98,5.64,overcast clouds
189,Yulara,AU,-25.2406,130.9889,71.29,29,10,3.58,clear sky
190,Jinan,CN,36.6683,116.9972,97.7,20,94,9.26,overcast clouds
191,La Ronge,CA,55.1001,-105.2842,59.25,77,75,5.75,broken clouds
192,Danane,CI,7.2596,-8.155,70.05,98,100,3.83,overcast clouds
193,Monrovia,LR,6.3005,-10.7969,76.5,87,96,11.27,moderate rain
194,Kirakira,SB,-10.4544,161.9205,82.44,77,95,9.71,overcast clouds
195,Leningradskiy,RU,69.3833,178.4167,40.46,71,90,5.97,overcast clouds
196,Adrar,MR,20.5022,-10.0711,86.38,30,13,9.8,few clouds
197,Santa Rosa,PH,14.3122,121.1114,93.09,62,85,1.48,overcast clouds
198,Bay Roberts,CA,47.5999,-53.2648,40.75,95,1,2.21,clear sky
199,Revyakino,RU,54.3669,37.6589,58.86,74,7,7.56,clear sky
200,Chernyshevskiy,RU,63.0128,112.4714,72.45,38,100,4.0,overcast clouds
201,Poronaysk,RU,49.2167,143.1167,62.67,60,39,14.74,scattered clouds
202,Sistranda,NO,63.7256,8.834,51.76,96,100,9.35,overcast clouds
203,Pasni,PK,25.2631,63.471,83.59,77,76,11.7,broken clouds
204,Reforma,MX,18.1,-91.0167,75.33,73,54,4.29,broken clouds
205,Sitka,US,57.0531,-135.33,64.29,52,0,8.05,clear sky
206,Pochutla,MX,15.7432,-96.4661,73.27,92,100,2.44,overcast clouds
207,Pangody,RU,65.85,74.4859,64.76,56,94,22.77,overcast clouds
208,Kensington,AU,-33.9167,151.2167,69.31,47,75,11.5,broken clouds
209,Hanyang,CN,32.1371,105.5126,85.46,40,100,9.53,overcast clouds
210,Matara,LK,5.9485,80.5353,82.36,76,100,9.44,light rain
211,Teknaf,BD,20.8624,92.3058,78.44,92,100,10.71,overcast clouds
212,Guerrero Negro,MX,27.9769,-114.0611,62.82,85,0,13.69,clear sky
213,Bambanglipuro,ID,-7.95,110.2833,84.92,69,54,6.44,broken clouds
214,Kabare,CD,-2.4683,28.8242,60.48,91,66,1.21,broken clouds
215,Jishou,CN,28.3167,109.7167,76.82,82,100,1.9,overcast clouds
216,Kupang,ID,-10.1667,123.5833,86.63,57,38,14.79,scattered clouds
217,Provideniya,RU,64.3833,-173.3,37.51,100,100,22.37,drizzle
218,Raduzhnyy,RU,62.0961,77.475,60.28,90,100,13.44,light rain
219,Cabo San Lucas,MX,22.8909,-109.9124,82.62,71,44,11.14,scattered clouds
220,Pevek,RU,69.7008,170.3133,35.2,80,17,8.21,few clouds
221,Zhigansk,RU,66.7697,123.3711,58.75,50,6,18.68,clear sky
222,Nerchinskiy Zavod,RU,51.3088,119.61,74.91,38,67,4.05,broken clouds
223,Ca Mau,VN,9.1769,105.15,94.23,48,95,0.51,overcast clouds
224,Kaitangata,NZ,-46.2817,169.8464,45.01,87,100,12.86,overcast clouds
225,Villa Bisono,DO,19.5638,-70.8758,76.1,80,99,6.26,overcast clouds
226,Kumbo,CM,6.2,10.6667,57.06,91,36,1.5,scattered clouds
227,Kiama,AU,-34.6833,150.8667,68.25,55,74,8.99,broken clouds
228,Iskilip,TR,40.7353,34.4739,65.71,68,88,4.36,overcast clouds
229,Timmins,CA,48.4669,-81.3331,66.02,94,75,9.22,broken clouds
230,Tshikapa,CD,-6.4167,20.8,67.42,47,23,1.3,few clouds
231,Seminole,US,28.7086,-81.2081,82.76,86,0,4.61,clear sky
232,Jacareacanga,BR,-6.2222,-57.7528,70.56,99,47,1.32,scattered clouds
233,Urumqi,CN,43.801,87.6005,74.35,47,20,13.42,few clouds
234,Aykino,RU,62.2248,49.9922,64.76,81,100,6.89,overcast clouds
235,Vila Velha,BR,-20.3297,-40.2925,63.95,92,40,2.3,scattered clouds
236,Guaruja,BR,-23.9931,-46.2564,63.9,26,79,5.1,broken clouds
237,Saldanha,ZA,-33.0117,17.9442,42.85,70,43,9.42,scattered clouds
238,Marabba,SD,12.35,32.1833,82.58,45,100,12.15,overcast clouds
239,Kafanchan,NG,9.5833,8.3,66.83,90,100,1.07,overcast clouds
240,Oktyabrskiy,RU,54.4815,53.471,70.79,67,42,5.66,scattered clouds
241,Iquique,CL,-20.2208,-70.1431,60.84,83,70,3.24,broken clouds
242,Cloquet,US,46.7216,-92.4594,62.38,92,0,4.61,clear sky
243,Ilulissat,GL,69.2167,-51.1,37.42,60,0,3.44,clear sky
244,Beaverlodge,CA,55.2166,-119.4361,58.35,80,78,5.99,broken clouds
245,Aklavik,CA,68.2191,-135.0107,57.33,42,6,12.68,clear sky
246,Lazaro Cardenas,MX,17.9583,-102.2,80.24,83,100,15.73,overcast clouds
247,Luba,GQ,3.4568,8.5547,75.09,85,94,11.07,light rain
248,Chokurdakh,RU,70.6333,147.9167,69.53,23,89,7.2,overcast clouds
249,Pangnirtung,CA,66.1451,-65.7125,35.62,100,100,2.89,overcast clouds
250,Mana,GF,5.6592,-53.7767,75.72,85,77,5.3,broken clouds
251,Ptuj,SI,46.4201,15.8702,66.34,82,0,1.14,clear sky
252,Sisimiut,GL,66.9395,-53.6735,35.51,74,71,2.77,broken clouds
253,Lock Haven,US,41.137,-77.4469,81.09,97,85,6.62,overcast clouds
254,High Rock,BS,26.6208,-78.2833,78.82,74,99,6.82,overcast clouds
255,La Palma,US,33.8464,-118.0467,73.65,85,75,5.75,broken clouds
256,Khandyga,RU,62.6667,135.6,65.03,65,58,3.96,light rain
257,Mayya,RU,61.7333,130.2811,74.52,37,18,5.68,few clouds
258,Hasaki,JP,35.7333,140.8333,73.8,84,100,13.24,overcast clouds
259,Luwuk,ID,-0.9516,122.7875,84.07,74,76,3.04,broken clouds
260,Lavrentiya,RU,65.5833,-171.0,39.7,94,100,17.02,overcast clouds
261,Yerbogachen,RU,61.2767,108.0108,77.99,35,15,5.68,few clouds
262,Strezhevoy,RU,60.7333,77.5889,62.51,82,100,5.08,light rain
263,Terre Haute,US,39.4667,-87.4139,86.27,67,0,11.5,clear sky
264,Waldoboro,US,44.0954,-69.3756,59.38,94,6,2.68,clear sky
265,Banda Aceh,ID,5.5577,95.3222,84.52,63,98,1.57,overcast clouds
266,Cedar City,US,37.6775,-113.0619,70.77,14,0,9.22,clear sky
267,Dzerzhinskoye,RU,56.8344,95.2283,78.71,51,37,2.08,scattered clouds
268,Okmulgee,US,35.6234,-95.9605,82.26,83,0,4.61,clear sky
269,Dogbo,BJ,6.8167,1.7833,71.58,99,100,3.87,overcast clouds
270,Airai,TL,-8.9266,125.4092,72.54,54,59,5.41,broken clouds
271,Bambous Virieux,MU,-20.3428,57.7575,76.21,83,20,10.36,few clouds
272,Seoul,KR,37.5683,126.9778,74.77,62,75,10.36,broken clouds
273,Chuy,UY,-33.6971,-53.4616,51.44,86,90,5.61,light rain
274,Yumen,CN,40.2833,97.2,92.93,5,98,12.75,overcast clouds
275,Karratha,AU,-20.7377,116.8463,82.81,27,70,14.61,broken clouds
276,Kruisfontein,ZA,-34.0033,24.7314,43.88,76,21,6.78,few clouds
277,Beloha,MG,-25.1667,45.05,67.64,76,65,7.96,broken clouds
278,Orlik,RU,52.5178,99.825,71.62,48,46,3.13,light rain
279,Taga,RO,46.95,24.05,53.92,70,7,2.33,clear sky
280,Otofuke,JP,42.9917,143.2003,67.15,91,96,4.25,overcast clouds
281,Canon City,US,38.441,-105.2424,76.98,32,0,11.5,clear sky
282,Qandala,SO,11.472,49.8728,92.43,44,18,2.77,few clouds
283,San Jose,US,37.3394,-121.895,65.08,58,20,10.36,few clouds
284,Ballina,AU,-28.8667,153.5667,74.01,47,0,5.84,clear sky
285,Poum,NC,-20.2333,164.0167,78.89,77,5,12.97,clear sky
286,Manhattan,US,40.7834,-73.9662,68.63,75,0,9.22,clear sky
287,Khilok,RU,51.3674,110.4676,82.85,25,81,2.64,broken clouds
288,Qui Nhon,VN,13.7667,109.2333,87.19,65,94,13.38,overcast clouds
289,Touros,BR,-5.1989,-35.4608,74.05,82,16,8.84,few clouds
290,Chuzhou,CN,32.3219,118.2978,97.05,30,4,5.99,clear sky
291,Enumclaw,US,47.2043,-121.9915,57.56,84,100,3.0,overcast clouds
292,Taltal,CL,-25.4,-70.4833,53.91,84,47,1.34,scattered clouds
293,Hambantota,LK,6.1241,81.1185,82.74,83,75,4.61,moderate rain
294,Kizilskoye,RU,52.7255,58.8937,71.31,55,2,1.57,clear sky
295,Shenjiamen,CN,29.9576,122.298,75.24,83,100,10.54,overcast clouds
296,Padang,ID,-0.9492,100.3543,86.05,64,70,6.22,broken clouds
297,Mahon,ES,39.8885,4.2658,68.56,83,0,3.44,clear sky
298,Bud,US,39.447,-86.1758,82.9,77,33,11.59,scattered clouds
299,Leh,IN,34.1667,77.5833,59.04,34,61,4.74,broken clouds
300,Half Moon Bay,US,37.4636,-122.4286,63.45,78,40,26.46,mist
301,Robertsport,LR,6.7533,-11.3686,77.76,84,100,12.57,light rain
302,Porbandar,IN,21.6422,69.6093,87.78,74,75,10.36,drizzle
303,Mantua,IT,45.1667,10.7833,72.64,79,1,1.01,clear sky
304,Maceio,BR,-9.6658,-35.7353,72.84,94,75,14.97,mist
305,Bandarbeyla,SO,9.4942,50.8122,84.15,56,87,26.57,overcast clouds
306,Kavieng,PG,-2.5744,150.7967,82.76,76,80,11.88,light rain
307,Jhanjharpur,IN,26.2667,86.2833,94.59,48,83,3.11,broken clouds
308,Anloga,GH,5.7947,0.8973,76.06,86,100,15.64,light rain
309,Scottsbluff,US,41.8666,-103.6672,70.92,32,0,4.61,clear sky
310,Aromashevo,RU,56.8602,68.6375,68.45,65,31,7.99,scattered clouds
311,Dingle,PH,10.9995,122.6711,89.08,61,77,8.16,broken clouds
312,Maningrida,AU,-12.0667,134.2667,88.29,52,54,12.33,broken clouds
313,Chkalovsk,RU,56.7647,43.2433,58.01,77,74,8.48,broken clouds
314,San Quintin,MX,30.4833,-115.95,62.01,85,0,3.36,clear sky
315,Kallithea,GR,37.95,23.7,78.57,55,20,5.75,few clouds
316,Nacozari,MX,25.3366,-108.2574,82.11,59,19,3.18,few clouds
317,Gravina In Puglia,IT,40.8197,16.4228,72.54,44,72,2.13,broken clouds
318,Ust-Tsilma,RU,65.441,52.1498,63.77,50,99,10.98,overcast clouds
319,Shache,CN,38.4167,77.2406,89.8,12,95,25.37,overcast clouds
320,Ambilobe,MG,-13.2,49.05,75.52,67,0,3.56,clear sky
321,Casimiro Castillo,MX,19.6,-104.4333,75.7,90,100,0.6,overcast clouds
322,Hendek,TR,40.7994,30.7481,65.53,82,24,2.82,few clouds
323,Kudahuvadhoo,MV,2.6708,72.8944,83.59,70,89,7.34,overcast clouds
324,Los Llanos De Aridane,ES,28.6585,-17.9182,64.15,84,75,5.99,broken clouds
325,Qasigiannguit,GL,68.8193,-51.1922,37.65,72,5,3.98,clear sky
326,Constantine,DZ,36.365,6.6147,67.41,45,0,2.3,clear sky
327,Colgong,IN,25.2667,87.2167,96.78,44,99,6.38,overcast clouds
328,Riyadh,SA,24.6877,46.7219,89.74,12,2,5.12,clear sky
329,Hovd,MN,48.0056,91.6419,79.39,21,53,3.44,broken clouds
330,Clyde River,CA,70.4692,-68.5914,30.43,93,100,31.07,light snow
331,Malakal,SS,9.5334,31.6605,78.22,67,100,2.59,overcast clouds
332,Uddevalla,SE,58.3478,11.9424,57.18,87,47,1.01,scattered clouds
333,Maniitsoq,GL,65.4167,-52.9,35.82,72,82,1.34,broken clouds
334,Althofen,AT,46.8818,14.4676,63.16,93,16,1.34,few clouds
335,Muisne,EC,0.6,-80.0333,75.06,85,98,8.75,light rain
336,Alice Springs,AU,-23.7,133.8833,71.15,32,1,8.05,clear sky
337,Zhanakorgan,KZ,43.9098,67.2495,89.2,16,1,13.56,clear sky
338,Lebu,CL,-37.6167,-73.65,48.24,89,61,7.27,broken clouds
339,Saint Simons,US,31.1352,-81.3901,82.44,82,0,9.22,clear sky
340,Avera,US,33.194,-82.5271,82.45,74,92,6.44,overcast clouds
341,Mattru,SL,7.6244,-11.8332,73.17,98,100,2.57,overcast clouds
342,Caravelas,BR,-17.7125,-39.2481,68.68,75,46,4.92,scattered clouds
343,Sanlucar La Mayor,ES,37.3871,-6.2011,69.37,86,65,1.01,broken clouds
344,Ulaangom,MN,49.9811,92.0667,76.3,38,100,6.98,overcast clouds
345,Yaring,TH,6.8662,101.3689,82.29,70,81,0.4,broken clouds
346,Klerksdorp,ZA,-26.8521,26.6667,32.95,74,23,3.47,few clouds
347,Melilla,ES,35.2937,-2.9383,75.58,73,0,3.44,clear sky
348,Katsuura,JP,35.1333,140.3,74.32,81,100,18.7,overcast clouds
349,Nadym,RU,65.5333,72.5167,62.33,48,100,25.3,overcast clouds
350,Esmeraldas,BR,-19.7625,-44.3139,56.26,84,28,3.22,scattered clouds
351,Kentau,KZ,43.5206,68.5094,88.65,18,1,9.08,clear sky
352,Bilibino,RU,68.0546,166.4372,59.45,24,1,5.55,clear sky
353,Vestmannaeyjar,IS,63.4427,-20.2734,49.05,73,100,18.25,light rain
354,Mount Gambier,AU,-37.8333,140.7667,53.51,87,75,9.22,broken clouds
355,Flinders,AU,-34.5833,150.8552,68.05,62,76,13.24,broken clouds
356,Sambava,MG,-14.2667,50.1667,71.89,86,26,6.49,scattered clouds
357,Mugur-Aksy,RU,50.35,90.5,65.35,36,58,6.44,light rain
358,Rudbar,AF,30.15,62.6,105.73,8,2,7.58,clear sky
359,Namibe,AO,-15.1961,12.1522,63.88,66,8,2.55,clear sky
360,Ixtapa,MX,20.7,-105.2,78.22,87,100,1.99,overcast clouds
361,Bull Savanna,JM,17.8868,-77.5902,76.39,82,100,10.09,overcast clouds
362,Galveston,US,29.3669,-94.9669,84.16,86,75,11.5,broken clouds
363,Lata,PT,40.1629,-8.3327,60.01,98,68,1.41,broken clouds
364,Kitwe,ZM,-12.7961,28.2477,54.48,65,5,2.91,clear sky
365,Lerwick,GB,60.1545,-1.1494,53.6,96,100,9.78,light rain
366,Faya,SA,18.3851,42.4509,72.12,17,69,3.51,broken clouds
367,Hofn,IS,64.2539,-15.2082,48.52,80,6,7.76,clear sky
368,Bereda,ES,43.2686,-7.5406,65.41,87,88,2.39,overcast clouds
369,Luderitz,NA,-26.6481,15.1594,61.18,37,2,14.65,clear sky
370,Medea,DZ,36.2642,2.7539,75.16,27,94,4.36,overcast clouds
371,Mandalgovi,MN,45.7625,106.2708,81.68,26,84,6.33,broken clouds
372,Dali,CN,25.7,100.1833,66.49,79,100,4.5,light rain
373,Sangar,RU,63.9242,127.4739,68.14,48,42,14.99,scattered clouds
374,Nantucket,US,41.2835,-70.0995,64.02,92,0,5.75,clear sky
375,Zhuhai,CN,22.2769,113.5678,87.58,79,40,12.66,scattered clouds
376,Borger,NL,52.9233,6.7931,56.79,88,76,4.61,broken clouds
377,Melfi,IT,40.9965,15.6514,68.4,46,33,3.24,scattered clouds
378,Bayji,IQ,34.9311,43.487,91.08,23,0,10.2,clear sky
379,Callaway,US,30.153,-85.5699,82.33,82,0,4.61,clear sky
380,Ossora,RU,59.2353,163.0719,50.86,72,100,13.67,overcast clouds
381,Talnakh,RU,69.4865,88.3972,72.21,42,100,5.73,overcast clouds
382,Castrillon,ES,43.3979,-6.7922,67.84,77,82,3.83,broken clouds
383,Luau,AO,-10.7073,22.2247,54.88,46,0,5.28,clear sky
384,Mnogovershinnyy,RU,53.9353,139.9242,45.03,93,100,3.09,overcast clouds
385,Fereydunshahr,IR,32.941,50.121,68.76,14,0,3.42,clear sky
386,Makakilo City,US,21.3469,-158.0858,82.72,65,20,12.66,few clouds
387,Praia Da Vitoria,PT,38.7333,-27.0667,62.85,82,40,9.46,scattered clouds
388,Pavilosta,LV,56.8879,21.1859,57.11,80,100,12.33,overcast clouds
389,Kosa,RU,59.9445,54.9977,62.24,94,91,3.96,light rain
390,Necochea,AR,-38.5473,-58.7368,47.79,89,100,6.2,overcast clouds
391,Aden,YE,12.7794,45.0367,88.25,69,100,10.27,overcast clouds
392,Burpengary,AU,-27.1575,152.9576,77.02,49,0,4.81,clear sky
393,Baiao,BR,-2.7906,-49.6717,67.71,83,55,1.39,broken clouds
394,Sur,OM,22.5667,59.5289,94.37,48,7,2.95,clear sky
395,Nyazepetrovsk,RU,56.0531,59.6028,70.14,62,47,5.95,scattered clouds
396,Atherton,GB,53.5237,-2.4935,53.22,91,64,1.83,broken clouds
397,Iranshahr,IR,27.2025,60.6848,98.94,25,4,4.61,clear sky
398,Juneau,US,58.3019,-134.4197,64.4,84,75,8.05,broken clouds
399,Atasu,KZ,48.6814,71.6433,73.63,30,22,9.13,few clouds
400,Kalangala,UG,-0.3089,32.225,74.57,63,74,15.19,broken clouds
401,Sao Filipe,CV,14.8961,-24.4956,72.54,85,84,9.28,broken clouds
402,Chifeng,CN,42.2683,118.9636,83.71,25,38,3.33,scattered clouds
403,Saint-Augustin,CA,51.226,-58.6502,49.8,80,17,4.12,few clouds
404,Cookeville,US,36.1628,-85.5016,81.39,91,0,0.0,clear sky
405,Fonte Boa,BR,-2.4959,-66.2662,70.05,99,24,2.04,few clouds
406,Onega,RU,63.9061,38.1404,55.09,84,56,8.88,broken clouds
407,Axim,GH,4.8699,-2.2405,74.34,96,100,12.08,heavy intensity rain
408,Inuvik,CA,68.3499,-133.7218,58.06,44,20,13.8,few clouds
409,Poli,TZ,-3.3333,36.8,55.67,94,75,6.91,fog
410,Fort Nelson,CA,58.8053,-122.7002,67.59,40,75,3.44,broken clouds
411,Egvekinot,RU,66.3167,-179.1667,32.58,99,100,3.53,snow
412,Quelimane,MZ,-17.8786,36.8883,66.15,94,0,2.3,clear sky
413,Cayenne,GF,4.9333,-52.3333,79.09,1,100,0.0,overcast clouds
414,Saint-Joseph,RE,-21.3667,55.6167,71.98,79,89,11.34,overcast clouds
415,Rimini,IT,44.0241,12.5186,72.14,83,97,2.3,overcast clouds
416,Gillette,US,44.2911,-105.5022,55.11,62,0,10.36,clear sky
417,Superior,US,46.7208,-92.1041,64.49,92,40,8.05,scattered clouds
418,Buala,SB,-8.145,159.5921,82.72,74,84,8.3,broken clouds
419,Takoradi,GH,4.8845,-1.7554,73.8,95,100,9.08,heavy intensity rain
420,Menongue,AO,-14.6585,17.691,46.72,57,40,1.99,scattered clouds
421,Requena,ES,39.4883,-1.1004,65.79,35,99,2.44,overcast clouds
422,Mogapinyana,BW,-22.3667,27.6,42.33,44,0,5.06,clear sky
423,Muzhi,RU,65.3667,64.6667,67.12,47,3,8.05,clear sky
424,Chumphon,TH,10.3333,98.8333,88.97,52,80,3.49,broken clouds
425,Itoman,JP,26.1247,127.6694,77.4,96,75,14.97,moderate rain
426,Jiaohe,CN,43.7286,127.3447,70.32,76,99,7.96,overcast clouds
427,Siderno,IT,38.2779,16.302,73.33,63,45,4.59,scattered clouds
428,Lagos,NG,6.5833,3.75,77.32,98,74,3.24,light rain
429,Prince Rupert,CA,54.3161,-130.3201,56.89,89,0,12.66,clear sky
430,Hudiksvall,SE,61.729,17.1036,55.56,68,89,6.31,overcast clouds
431,Meulaboh,ID,4.1363,96.1285,82.06,70,100,6.42,overcast clouds
432,Baykit,RU,61.67,96.37,67.66,80,100,2.77,light rain
433,Itambe,BR,-15.245,-40.6244,53.92,92,41,1.54,scattered clouds
434,Atar,MR,20.5169,-13.0499,90.19,31,24,12.73,few clouds
435,Sechura,PE,-5.5569,-80.8222,62.73,80,2,12.91,clear sky
436,Mitrofanovka,RU,49.9708,39.6939,59.59,83,57,5.53,broken clouds
437,Gwadar,PK,25.1216,62.3254,84.52,74,62,8.14,broken clouds
438,Diglur,IN,18.55,77.6,89.78,49,100,8.66,overcast clouds
439,Manta,EC,-0.95,-80.7333,73.18,83,75,6.91,broken clouds
440,Saposoa,PE,-6.934,-76.7716,66.72,81,1,2.48,clear sky
441,Mercedes,AR,-34.6515,-59.4307,50.04,85,46,4.21,scattered clouds
442,Khasan,RU,42.4308,130.6434,62.92,82,84,11.16,broken clouds
443,Zarumilla,PE,-3.5031,-80.2731,69.64,82,2,2.53,clear sky
444,Oksfjord,NO,70.2396,22.3479,46.58,68,87,4.92,overcast clouds
445,De-Kastri,RU,51.4667,140.7833,62.01,67,36,8.01,scattered clouds
446,Kyzyl-Suu,KG,42.3414,78.0056,62.6,59,100,5.77,overcast clouds
447,Caraballeda,VE,10.6112,-66.8522,78.87,94,75,0.0,broken clouds
448,Port-Gentil,GA,-0.7193,8.7815,75.25,81,32,10.96,scattered clouds
449,Mananjary,MG,-21.2167,48.3333,70.27,86,16,8.66,few clouds
450,Lompoc,US,34.6391,-120.4579,60.94,81,0,18.99,clear sky
451,Teahupoo,PF,-17.8333,-149.2667,73.36,79,30,17.05,light rain
452,Meiganga,CM,6.5167,14.3,63.82,96,85,1.68,light rain
453,Chino Valley,US,34.7575,-112.4538,76.21,17,0,9.22,clear sky
454,Sovetskiy,RU,61.3614,63.5842,71.47,37,37,5.1,scattered clouds
455,Lasa,IT,46.6166,10.7002,61.68,71,12,3.71,few clouds
456,Lodja,CD,-3.4833,23.4333,69.15,86,13,1.79,few clouds
457,Sidney,AU,-33.8679,151.2073,69.24,47,75,11.5,broken clouds
458,Korla,CN,41.7597,86.1469,95.02,14,53,15.19,broken clouds
459,Papetoai,PF,-17.4961,-149.8729,78.39,73,7,16.24,light rain
460,Merauke,ID,-8.4667,140.3333,83.17,76,62,15.59,broken clouds
461,Tolmezzo,IT,46.4075,13.0175,65.43,85,12,5.41,few clouds
462,Rawson,AR,-43.3002,-65.1023,45.14,81,14,10.87,few clouds
463,Naze,JP,28.3667,129.4833,74.32,88,100,12.84,light rain
464,Vao,NC,-22.6667,167.4833,74.52,81,86,20.85,overcast clouds
465,Vanavara,RU,60.34,102.2797,79.0,42,99,6.24,overcast clouds
466,Santiago,CL,-33.4569,-70.6483,50.29,75,75,3.44,broken clouds
467,Ilheus,BR,-14.7889,-39.0494,63.0,91,24,6.22,few clouds
468,Arteaga,MX,18.4667,-102.4167,66.31,95,99,3.24,overcast clouds
469,Grindavik,IS,63.8424,-22.4338,46.35,81,75,11.5,broken clouds
470,Bolobo,CD,-2.1667,16.2333,69.84,89,35,1.41,light rain
471,Deputatskiy,RU,69.3,139.9,61.0,43,92,9.86,overcast clouds
472,Campeche,MX,19.0,-90.5,74.68,82,44,3.74,scattered clouds
473,West Bay,KY,19.3667,-81.4167,82.08,80,89,1.99,overcast clouds
474,Beja,TN,36.7256,9.1817,70.27,34,9,1.81,clear sky
475,Akdepe,TM,42.0551,59.3788,82.49,14,11,11.05,few clouds
476,Thinadhoo,MV,0.5333,72.9333,83.57,69,93,5.39,overcast clouds
477,Angoche,MZ,-16.2325,39.9086,71.65,82,0,8.01,clear sky
478,Placerville,US,38.7296,-120.7986,70.77,39,0,8.05,clear sky
479,Dufftown,GB,57.4333,-3.1333,53.28,91,59,4.09,broken clouds
480,Chegdomyn,RU,51.1167,133.0167,71.8,52,100,5.3,overcast clouds
481,Mikun,RU,62.3547,50.0771,64.51,85,100,7.07,overcast clouds
482,Grand Baie,MU,-20.0182,57.5802,76.44,62,2,11.01,clear sky
483,Alyangula,AU,-13.8483,136.4192,80.71,60,91,13.38,overcast clouds
484,Omsukchan,RU,62.5333,155.8,58.35,44,64,8.46,broken clouds
485,Paita,PE,-5.0892,-81.1144,63.18,81,1,13.94,clear sky
486,Tucurui,BR,-3.7661,-49.6725,69.49,84,30,2.89,scattered clouds
487,Isangel,VU,-19.55,169.2667,78.15,82,10,15.66,clear sky
488,Batsfjord,NO,70.6345,29.7185,39.13,93,100,13.8,overcast clouds
489,Benghazi,LY,32.1167,20.0667,74.66,71,0,8.84,clear sky
490,Columbus,US,39.9612,-82.9988,81.88,83,0,4.61,clear sky
491,Copiapo,CL,-27.3667,-70.3333,51.49,94,100,0.92,overcast clouds
492,Xiaoshi,CN,41.2971,124.1209,74.12,63,69,7.9,broken clouds
493,Boundiali,CI,9.5217,-6.4869,70.93,96,100,5.28,moderate rain
494,Boa Vista,BR,2.8197,-60.6733,76.98,88,40,2.3,scattered clouds
495,Birao,CF,10.2849,22.7882,73.8,80,100,4.85,overcast clouds
496,Whyalla,AU,-33.0333,137.5833,61.61,58,0,1.61,clear sky
497,Quatre Cocos,MU,-20.2078,57.7625,76.08,63,26,15.37,scattered clouds
498,Nokha,IN,27.6,73.4167,97.18,35,0,18.75,clear sky
499,Krasnoselkup,RU,65.7,82.4667,63.9,83,100,8.14,light rain
500,Abu Dhabi,AE,24.4667,54.3667,93.31,57,4,2.3,clear sky
501,Ostersund,SE,63.1792,14.6357,54.61,93,75,9.22,broken clouds
502,Westport,US,41.1415,-73.3579,66.45,86,81,1.99,broken clouds
503,Tateyama,JP,34.9833,139.8667,75.09,87,100,23.29,overcast clouds
504,Waddan,LY,29.1614,16.139,71.76,57,0,4.16,clear sky
505,Araouane,ML,18.9048,-3.5265,86.13,35,8,19.06,clear sky
506,Baglan,AF,36.1307,68.7083,97.21,14,0,2.95,clear sky
507,Mahibadhoo,MV,3.7833,72.9667,83.61,71,84,7.83,broken clouds
508,Gat,IL,31.61,34.7642,76.82,100,0,8.12,clear sky
509,Ternate,ID,0.8,127.4,85.1,64,97,5.41,overcast clouds
510,Chaman,PK,30.9236,66.4512,93.51,8,0,7.34,clear sky
511,Nizhniy Kuranakh,RU,58.8353,125.4869,71.6,39,15,4.41,few clouds
512,Suba,PH,10.8438,121.0102,85.35,65,57,1.41,broken clouds
513,Ponta Delgada,PT,37.7333,-25.6667,63.5,82,20,6.91,few clouds
514,Waingapu,ID,-9.6567,120.2641,85.59,64,46,16.69,scattered clouds
515,Samarai,PG,-10.6167,150.6667,80.08,85,70,8.52,very heavy rain
516,Koumac,NC,-20.5667,164.2833,79.41,70,33,3.96,scattered clouds
517,Olinda,BR,-8.0089,-34.8553,73.13,100,75,4.61,broken clouds
518,Bukachacha,RU,52.9833,116.9167,74.35,31,75,5.61,broken clouds
519,Prnjavor,BA,44.8703,17.6628,58.26,75,5,1.34,clear sky
520,Novaya Ladoga,RU,60.1025,32.3019,54.48,88,96,13.96,overcast clouds
521,Victoria,HK,22.2855,114.1577,87.85,80,99,18.01,overcast clouds
522,Cockburn Town,TC,21.4612,-71.1419,81.34,81,15,17.9,few clouds
523,Jacqueville,CI,5.2052,-4.4146,77.67,87,100,16.31,moderate rain
524,Goderich,CA,43.7501,-81.7165,84.52,58,35,12.66,scattered clouds
525,Mokhsogollokh,RU,61.4681,128.9203,68.02,56,63,5.55,broken clouds
526,Grand Gaube,MU,-20.0064,57.6608,76.37,62,3,10.0,clear sky
527,Lerici,IT,44.0759,9.9112,74.75,66,1,4.81,clear sky
528,Maputo,MZ,-25.9653,32.5892,58.23,71,20,10.36,few clouds
529,Silver City,US,32.7701,-108.2803,76.3,16,0,10.36,clear sky
530,Umm Kaddadah,SD,13.6017,26.6876,84.97,30,5,5.23,clear sky
531,Coxim,BR,-18.5067,-54.76,69.33,58,3,3.24,clear sky
532,Malyye Derbety,RU,47.9547,44.6808,77.92,43,83,8.86,broken clouds
533,Vilcun,CL,-38.65,-72.2333,43.54,98,48,0.51,scattered clouds
534,Paraiso,CR,9.8383,-83.8656,63.46,97,100,2.26,overcast clouds
535,Ulety,RU,51.3572,112.4849,80.11,32,7,7.76,clear sky
536,Chabahar,IR,25.2919,60.643,85.28,72,6,6.93,clear sky
537,Ust-Kuyga,RU,70.0167,135.6,54.5,53,100,14.76,overcast clouds
538,Bar Harbor,US,44.3876,-68.2039,58.37,84,0,3.44,clear sky
539,Mopipi,BW,-21.1833,24.8833,42.39,44,0,7.9,clear sky
540,Vagay,RU,57.9375,69.0217,69.78,49,40,9.04,scattered clouds
541,Fairbanks,US,64.8378,-147.7164,70.14,55,20,8.05,few clouds
542,Masterton,NZ,-40.9597,175.6575,55.89,74,32,15.32,scattered clouds
543,Marawi,PH,7.9986,124.2928,80.71,67,29,8.14,light rain
544,Sungairaya,ID,0.7,108.9,82.51,79,72,5.14,broken clouds
545,Laela,TZ,-8.5667,32.05,57.56,76,3,2.68,clear sky
546,Mitsamiouli,KM,-11.3847,43.2844,78.12,75,3,3.53,clear sky
547,Choszczno,PL,53.169,15.4205,59.23,76,99,5.91,overcast clouds
548,Vila,PT,42.0304,-8.1588,59.88,83,45,4.05,scattered clouds
549,Bafoussam,CM,5.4737,10.4179,57.65,95,48,2.28,scattered clouds
550,Fredericksburg,US,38.3032,-77.4605,81.72,59,100,10.36,overcast clouds
551,Liku,ID,-0.7275,119.8922,86.86,60,88,2.19,overcast clouds
552,Lima,PE,-12.0432,-77.0282,59.25,72,0,11.5,clear sky
553,Marsa Matruh,EG,31.3525,27.2453,70.0,88,0,5.75,clear sky
554,Mumford,GH,5.2618,-0.759,73.63,96,100,4.99,very heavy rain
555,Abu Kamal,SY,34.4506,40.9171,86.02,35,0,8.7,clear sky
556,Ayan,RU,56.45,138.1667,45.68,87,41,7.87,scattered clouds
557,Brae,GB,60.3964,-1.353,52.92,97,99,8.84,overcast clouds
558,Raga,SS,8.4596,25.678,70.65,92,61,2.86,broken clouds
559,Ranong,TH,9.9658,98.6348,87.73,62,47,3.71,scattered clouds
560,Morondava,MG,-20.2833,44.2833,70.97,76,41,5.7,light rain
561,Akhmeta,GE,42.0311,45.2075,70.32,62,17,6.62,few clouds
562,Nelson Bay,AU,-32.7167,152.15,70.0,48,1,1.99,clear sky
563,Smirnykh,RU,49.75,142.8333,76.33,38,24,9.31,few clouds
564,Baturaja,ID,-4.1333,104.1667,87.69,59,85,4.05,overcast clouds
565,Brindisi,IT,40.5833,17.6667,71.44,59,79,6.51,broken clouds
566,Cabo Rojo,PR,18.0866,-67.1457,80.67,85,100,8.84,overcast clouds
567,San Policarpo,PH,12.1791,125.5072,86.0,66,55,7.4,broken clouds
568,Abu Samrah,SY,35.3029,37.1841,74.5,54,0,5.5,clear sky
569,Hay River,CA,60.8156,-115.7999,49.98,87,75,9.22,broken clouds
570,San Martin,AR,-33.081,-68.4681,43.34,52,0,7.49,clear sky
571,Vestmanna,FO,62.1564,-7.1664,49.12,93,100,5.75,overcast clouds
572,Mitu,CO,1.1983,-70.1733,67.03,96,75,0.54,broken clouds
573,Rio Gallegos,AR,-51.6226,-69.2181,35.65,80,75,6.91,broken clouds
574,Ramhormoz,IR,31.28,49.6035,99.75,9,0,6.11,clear sky
575,Darova,RO,45.642,21.7733,62.22,59,30,3.31,scattered clouds
576,Chicama,PE,-7.8447,-79.1469,59.54,86,5,7.47,clear sky
577,Lamu,KE,-2.2717,40.902,78.75,83,70,11.36,light rain
578,Kiknur,RU,57.3034,47.2011,60.46,82,100,5.39,overcast clouds
579,Lavumisa,SZ,-27.31,31.892,53.31,65,71,1.5,broken clouds
580,Barra Do Corda,BR,-5.5,-45.25,68.36,89,79,1.63,broken clouds
581,Kyabe,TD,9.4515,18.9449,76.51,65,99,3.09,overcast clouds
582,Kavaratti,IN,10.5669,72.642,83.01,75,100,16.42,overcast clouds
583,Pereira Barreto,BR,-20.6383,-51.1092,65.35,67,1,7.81,clear sky
584,Maragogi,BR,-9.0122,-35.2225,73.8,91,47,9.8,moderate rain
585,Totness,SR,5.8833,-56.3167,75.92,89,76,8.88,broken clouds
586,Zhicheng,CN,30.2956,111.5047,96.84,26,77,11.41,broken clouds
587,Kaeo,NZ,-35.1,173.7833,56.82,77,10,5.84,clear sky
588,Burnie,AU,-41.0667,145.9167,61.95,52,20,2.62,few clouds
589,Sibu,MY,2.3,111.8167,84.51,79,40,3.44,scattered clouds
590,Kokopo,PG,-4.352,152.2633,84.92,64,60,6.49,broken clouds
591,Yarensk,RU,62.1675,49.0916,64.78,70,100,7.52,overcast clouds
592,Karpathos,GR,35.507,27.2132,73.36,83,40,19.57,scattered clouds
593,Merke,KZ,42.8728,73.1786,81.5,36,53,2.73,broken clouds
594,Anadyr,RU,64.75,177.4833,59.5,55,40,11.18,scattered clouds
595,Tamandare,BR,-8.7597,-35.1047,74.59,90,69,8.66,light rain
596,Honiara,SB,-9.4333,159.95,83.84,70,80,8.21,broken clouds
597,Huntington,US,38.4193,-82.4452,81.32,94,1,5.3,clear sky
598,Boke,GN,10.9409,-14.2967,74.26,97,100,2.1,overcast clouds
599,Trujillo,PE,-8.116,-79.03,60.76,88,9,9.22,mist
600,Vostok,RU,46.4856,135.8833,67.98,69,85,2.57,overcast clouds
601,Gamba,GA,-2.65,10.0,72.09,89,69,5.06,broken clouds
602,Soe,ID,-9.8607,124.284,77.5,57,80,10.25,broken clouds
603,Safaga,EG,26.7292,33.9365,85.1,41,0,15.88,clear sky
604,California City,US,35.1258,-117.9859,85.59,19,0,21.85,clear sky
605,Abnub,EG,27.2696,31.1511,77.22,43,0,17.96,clear sky
606,Khash,IR,28.2211,61.2158,91.85,20,1,2.77,clear sky
607,Nyurba,RU,63.2842,118.3319,71.55,49,56,4.85,broken clouds
608,Celestun,MX,20.8667,-90.4,78.37,82,74,12.08,broken clouds
609,Xining,CN,36.6167,101.7667,74.8,29,8,4.03,clear sky
610,Dourbali,TD,11.8091,15.8632,85.37,42,66,2.48,broken clouds
611,Richards Bay,ZA,-28.783,32.0377,54.05,63,2,11.16,clear sky
612,Nizhniy Tsasuchey,RU,50.5167,115.1333,78.33,32,1,8.48,clear sky
613,Pingxiang,CN,27.6167,113.85,76.01,85,100,3.18,overcast clouds
614,Kisangani,CD,0.5167,25.2,70.25,97,91,1.72,overcast clouds
615,Shimoda,JP,34.6667,138.95,77.36,89,100,16.71,overcast clouds
616,Santa Maria,BR,-29.6842,-53.8069,52.99,92,59,3.56,broken clouds
617,Golspie,GB,57.9727,-3.978,59.14,88,88,3.31,overcast clouds
618,La Union,PE,-5.4,-80.75,63.28,77,0,11.77,clear sky
619,Fortuna,US,40.5982,-124.1573,55.98,86,20,5.75,few clouds
620,East Wenatchee Bench,US,47.4257,-120.2812,61.29,60,51,0.18,broken clouds
621,Condado,CU,21.8767,-79.8403,74.26,90,61,5.17,broken clouds
622,Barahona,DO,18.2085,-71.1008,78.94,72,100,3.0,overcast clouds
623,Port Augusta,AU,-32.5,137.7667,64.76,48,0,3.87,clear sky
624,Moerai,PF,-22.4333,-151.3333,75.92,65,99,11.12,overcast clouds
625,Kwinana,AU,-32.25,115.7667,74.17,67,76,4.0,broken clouds
626,Mwingi,KE,-0.9344,38.0601,66.81,71,42,8.3,scattered clouds
627,Fort Frances,CA,48.5999,-93.4003,57.42,65,75,4.61,broken clouds
628,Vila Franca Do Campo,PT,37.7167,-25.4333,63.19,87,68,7.9,broken clouds
629,Manzhouli,CN,49.6,117.4333,73.49,43,35,7.81,scattered clouds
630,Plettenberg Bay,ZA,-34.0527,23.3716,48.24,71,4,4.76,clear sky
631,Huarmey,PE,-10.0681,-78.1522,61.5,84,20,13.04,few clouds
632,Japura,ID,-0.3167,102.35,85.6,72,97,2.53,overcast clouds
633,Kutum,SD,14.2,24.6667,77.99,27,47,5.59,scattered clouds
634,Glyadyanskoye,RU,54.9075,65.0883,71.85,63,72,8.84,broken clouds
635,Mao,ES,39.8885,4.2658,68.56,83,0,3.44,clear sky
636,Lubuagan,PH,17.3548,121.1747,80.33,76,100,1.88,overcast clouds
637,Diego De Almagro,CL,-26.3667,-70.05,43.07,90,96,0.49,overcast clouds
638,Salinopolis,BR,-0.6136,-47.3561,76.8,82,77,10.69,broken clouds
639,Laguna,US,38.421,-121.4238,75.31,41,0,5.99,clear sky
640,Palu,ID,-0.8917,119.8707,86.81,70,94,1.77,overcast clouds
641,Onalaska,US,43.8844,-91.2351,61.32,97,14,1.01,few clouds
642,Manokwari,ID,-0.8667,134.0833,83.37,70,64,8.57,broken clouds
643,Larap,PH,14.299,122.6504,88.38,62,80,5.75,broken clouds
644,Fare,PF,-16.7,-151.0167,80.46,71,1,16.69,clear sky
645,Fukue,JP,32.6881,128.8419,77.36,78,40,5.75,scattered clouds
646,Aswan,EG,24.0934,32.907,81.7,29,0,4.61,clear sky
647,Hun,LY,29.1268,15.9477,72.21,56,0,4.09,clear sky
648,Male,MV,4.1748,73.5089,85.95,74,75,8.05,broken clouds
649,Vallenar,CL,-28.5708,-70.7581,47.37,91,28,2.08,scattered clouds
650,Mayo,US,38.8876,-76.5119,74.95,80,97,8.01,overcast clouds
651,Hohhot,CN,40.8106,111.6522,89.89,18,0,6.71,clear sky
652,Ibra,OM,22.6906,58.5334,91.89,40,10,3.2,clear sky
653,Dhidhdhoo,MV,6.8833,73.1,82.98,75,99,11.68,overcast clouds
654,Cabinda,AO,-5.55,12.2,73.9,78,74,7.7,broken clouds
655,Hualmay,PE,-11.0964,-77.6139,60.66,82,21,12.73,few clouds
656,Banjarmasin,ID,-3.3244,114.591,91.54,76,89,3.09,overcast clouds
657,Pokrovskoye,RU,47.4157,38.8971,64.65,68,14,11.81,few clouds
658,Cabedelo,BR,-6.9811,-34.8339,72.27,81,40,6.35,scattered clouds
659,Aasiaat,GL,68.7098,-52.8699,29.14,80,43,7.11,scattered clouds
660,Grove City,US,39.8815,-83.093,81.59,84,0,3.44,clear sky
661,Skara,SE,58.3866,13.4384,53.62,88,89,1.99,overcast clouds
662,Verkhoyansk,RU,67.5447,133.385,64.51,46,100,15.55,overcast clouds
663,Christchurch,NZ,-43.5333,172.6333,59.2,53,53,6.91,broken clouds
664,Poso,ID,-1.3959,120.7524,84.65,75,93,3.96,overcast clouds
665,Outjo,NA,-20.1167,16.15,47.34,41,0,9.4,clear sky
666,Asau,RO,46.4333,26.4,58.12,78,38,0.45,scattered clouds
667,Cartagena,CO,10.3997,-75.5144,80.22,89,75,4.61,broken clouds
668,Xuddur,SO,4.1213,43.8894,74.28,71,68,17.81,broken clouds
669,Chantada,ES,42.6088,-7.7712,64.54,85,34,2.04,scattered clouds
670,Opuwo,NA,-18.0607,13.84,53.17,43,3,7.56,clear sky
671,Presidencia Roque Saenz Pena,AR,-26.7852,-60.4388,61.63,72,99,4.76,overcast clouds
672,Bafoulabe,ML,13.8065,-10.8321,83.44,57,99,10.38,overcast clouds
673,Gushikawa,JP,26.3544,127.8686,76.62,91,20,9.22,mist
674,Tambopata,PE,-12.7333,-69.1833,63.9,87,0,1.14,clear sky
675,Galdar,ES,28.147,-15.6502,68.5,77,44,12.77,scattered clouds
676,Nandigama,IN,16.7833,80.3,92.25,49,100,4.43,overcast clouds
677,Bulolo,PG,-7.2,146.65,81.57,71,50,3.56,scattered clouds
678,Korem,ET,12.5058,39.5228,67.62,30,93,3.69,overcast clouds
679,Kenai,US,60.5544,-151.2583,63.03,77,29,12.01,scattered clouds
680,Bakel,SN,14.905,-12.4568,85.46,56,78,14.03,broken clouds
681,Solhan,TR,38.9634,41.0293,67.71,55,49,2.46,scattered clouds
